INSERT INTO sales_statistics.sellers (id, name, position, phone, department_code, employed_at) VALUES
(1, 'Alice Johnson', 'Manager', '+12345678901', 'HR', '2022-01-10 09:00:00'),
(2, 'Bob Smith', 'Sales Representative', '+12345678902', 'Sales', '2022-01-15 09:30:00'),
(3, 'Charlie Brown', 'Accountant', '+12345678903', 'Finance', '2022-02-01 09:45:00'),
(4, 'David Wilson', 'Developer', '+12345678904', 'IT', '2022-02-20 10:00:00'),
(5, 'Eva Adams', 'Marketing Specialist', '+12345678905', 'Marketing', '2022-03-05 10:15:00'),
(6, 'Frank Miller', 'Sales Manager', '+12345678906', 'Sales', '2022-03-10 08:30:00'),
(7, 'Grace Lee', 'HR Specialist', '+12345678907', 'HR', '2022-03-15 08:45:00'),
(8, 'Henry Thompson', 'Project Manager', '+12345678908', 'IT', '2022-04-01 09:00:00'),
(9, 'Isabel Martinez', 'Data Analyst', '+12345678909', 'Finance', '2022-04-10 09:30:00'),
(10, 'Jack Davis', 'Web Developer', '+12345678910', 'IT', '2022-04-15 10:00:00'),
(11, 'Kate Garcia', 'Graphic Designer', '+12345678911', 'Marketing', '2022-05-01 10:15:00'),
(12, 'Leo Harris', 'Sales Analyst', '+12345678912', 'Sales', '2022-05-12 08:30:00'),
(13, 'Mia Robinson', 'Product Manager', '+12345678913', 'Product', '2022-05-15 08:45:00'),
(14, 'Noah Martinez', 'Software Engineer', '+12345678914', 'IT', '2022-06-01 09:00:00'),
(15, 'Olivia Thompson', 'Customer Service Representative', '+12345678915', 'Support', '2022-06-10 09:30:00'),
(16, 'Paul Clark', 'Business Analyst', '+12345678916', 'Finance', '2022-06-15 10:00:00'),
(17, 'Quinn Rodriguez', 'UX Designer', '+12345678917', 'Marketing', '2022-07-01 10:15:00'),
(18, 'Ryan Lewis', 'Sales Associate', '+12345678918', 'Sales', '2022-07-10 08:30:00'),
(19, 'Sophia Lee', 'Content Writer', '+12345678919', 'Marketing', '2022-07-15 08:45:00'),
(20, 'Tom Edwards', 'Network Engineer', '+12345678920', 'IT', '2022-08-01 09:00:00'),
(21, 'Uma Smith', 'Compliance Officer', '+12345678921', 'Legal', '2022-08-10 09:30:00'),
(22, 'Victor Taylor', 'Training Specialist', '+12345678922', 'HR', '2022-08-15 10:00:00'),
(23, 'Wendy Hall', 'System Administrator', '+12345678923', 'IT', '2022-09-01 10:15:00'),
(24, 'Xander Allen', 'Marketing Coordinator', '+12345678924', 'Marketing', '2022-09-10 08:30:00'),
(25, 'Yara King', 'Supply Chain Analyst', '+12345678925', 'Operations', '2022-09-15 08:45:00'),
(26, 'Zoe Young', 'Research Scientist', '+12345678926', 'Research', '2022-10-01 09:00:00'),
(27, 'Aaron Wright', 'Public Relations Specialist', '+12345678927', 'Marketing', '2022-10-10 09:30:00'),
(28, 'Bella Scott', 'Web Analyst', '+12345678928', 'IT', '2022-10-15 10:00:00'),
(29, 'Chris Martin', 'Business Development Manager', '+12345678929', 'Sales', '2022-11-01 10:15:00'),
(30, 'Diana Green', 'Operations Manager', '+12345678930', 'Operations', '2022-11-10 08:30:00');

INSERT INTO company (id, name, inn, size, created_at, company_type) VALUES
(1, 'Alpha Innovations', 12345, 'M', '2021-05-01 10:30:00', 'OOO'),
(2, 'Beta Solutions', 67890, 'S', '2020-06-15 09:15:00', 'SELF'),
(3, 'Gamma Enterprises', 54321, 'L', '2022-01-20 14:45:00', 'IP'),
(4, 'Delta Technologies', 98765, 'S', '2019-11-10 12:00:00', 'OOO'),
(5, 'Epsilon Industries', 11223, 'M', '2022-07-18 08:30:00', 'SELF'),
(6, 'Zeta Services', 33445, 'L', '2021-03-25 11:00:00', 'IP'),
(7, 'Eta Designs', 55667, 'M', '2023-02-14 13:20:00', 'OOO'),
(8, 'Theta Marketing', 77889, 'S', '2022-09-05 10:10:00', 'SELF'),
(9, 'Iota Holdings', 24680, 'L', '2020-12-30 15:30:00', 'IP'),
(10, 'Kappa Development', 13579, 'M', '2018-08-19 17:45:00', 'OOO'),
(11, 'Lambda Group', 86420, 'S', '2019-04-01 07:25:00', 'SELF'),
(12, 'Mu Industries', 75319, 'L', '2023-03-30 16:00:00', 'IP'),
(13, 'Nu Analytics', 90786, 'M', '2021-10-11 10:15:00', 'OOO'),
(14, 'Xi Solutions', 19283, 'S', '2019-07-20 12:50:00', 'SELF'),
(15, 'Omicron Labs', 28394, 'L', '2022-02-28 09:40:00', 'IP'),
(16, 'Pi Technologies', 39485, 'M', '2021-05-15 11:20:00', 'OOO'),
(17, 'Rho Communications', 48620, 'S', '2020-03-03 13:00:00', 'SELF'),
(18, 'Sigma Enterprises', 57722, 'L', '2021-12-12 18:35:00', 'IP'),
(19, 'Tau Group', 68862, 'M', '2022-08-24 11:30:00', 'OOO'),
(20, 'Upsilon Networks', 79912, 'S', '2023-04-15 14:50:00', 'SELF');

INSERT INTO sales_statistics.tariffs (id, name, description, price, start_at, ends_at, tariff_size) VALUES
(1, 'Basic Plan', 'A basic tariff plan with limited features.', 9.99, '2023-01-01 09:00:00', '2023-12-31 23:59:59', 1),
(2, 'Standard Plan', 'A standard tariff plan with more features.', 19.99, '2023-02-01 10:15:30', '2024-12-31 23:59:59', 2),
(3, 'Premium Plan', 'A premium tariff plan with all features included.', 29.99, '2023-03-01 11:30:00', '2025-12-31 23:59:59', 3),
(4, 'Enterprise Plan', 'A comprehensive plan for large businesses.', 49.99, '2023-04-01 12:45:00', '2026-12-31 23:59:59', 5),
(5, 'Family Plan', 'A family plan that covers multiple users.', 39.99, '2023-05-01 13:00:00', '2024-05-31 23:59:59', 4),
(6, 'Student Plan', 'A discount plan for students.', 14.99, '2023-06-01 14:30:00', '2024-09-30 23:59:59', 2),
(7, 'Senior Citizen Plan', 'A special plan for senior citizens.', 19.99, '2023-07-01 15:30:00', '2025-10-31 23:59:59', 2),
(8, 'Small Business Plan', 'Ideal for small businesses.', 34.99, '2023-08-01 16:45:00', '2023-08-31 23:59:59', 3),
(9, 'Growth Plan', 'For growing startups and small businesses.', 44.99, '2023-09-01 17:00:00', '2024-06-30 23:59:59', 4),
(10, 'Custom Plan', 'Tailored plans for individual needs.', 99.99, '2023-10-01 18:00:00', '2026-12-31 23:59:59', 6),
(11, 'Starter Pack', 'Great for those just starting out.', 5.99, '2023-11-01 09:00:00', '2023-12-31 23:59:59', 1),
(12, 'Yearly Subscription', 'A yearly plan with a discount.', 99.99, '2023-11-15 10:00:00', '2025-12-31 23:59:59', 5),
(13, 'Monthly Subscription', 'Flexible monthly payments.', 14.99, '2023-12-01 11:30:00', '2023-11-30 23:59:59', 2),
(14, 'Pro Plan', 'Advanced features for professionals.', 39.99, '2023-12-15 12:15:00', '2024-01-31 23:59:59', 3),
(15, 'Corporate Plan', 'Special pricing for corporate clients.', 79.99, '2023-12-20 13:00:00', '2025-03-31 23:59:59', 5),
(16, 'Limited Time Offer', 'A special offer for a limited time.', 19.99, '2023-06-10 14:30:00', '2023-07-31 23:59:59', 2),
(17, 'Competition Winner Plan', 'Exclusive for competition winners.', 0.00, '2023-08-10 15:30:00', '2024-12-31 23:59:59', 1),
(18, 'Seasonal Plan', 'Plans that fit seasonal needs.', 24.99, '2023-09-10 16:45:00', '2023-09-30 23:59:59', 3),
(19, 'International Plan', 'For those who travel frequently.', 49.99, '2023-10-05 17:00:00', '2025-12-31 23:59:59', 4),
(20, 'Referral Plan', 'Get discounts by referring friends.', 14.99, '2023-11-25 18:00:00', '2026-06-30 23:59:59', 2);


INSERT INTO sales_statistics.companies_activity (id, company_id, event_time, event_type) VALUES
(1, 7, '2024-10-11 00:00:00', 'REQUEST'),
(2, 18, '2024-11-05 00:00:00', 'SIGN'),
(3, 18, '2024-11-16 00:00:00', 'APPROVE'),
(4, 17, '2024-09-12 00:00:00', 'CANCEL'),
(5, 19, '2024-11-23 00:00:00', 'CANCEL'),
(6, 19, '2024-09-19 00:00:00', 'REQUEST'),
(7, 2, '2024-10-18 00:00:00', 'SIGN'),
(8, 1, '2024-09-12 00:00:00', 'SIGN'),
(9, 2, '2024-09-24 00:00:00', 'APPROVE'),
(10, 14, '2024-09-14 00:00:00', 'APPROVE'),
(11, 16, '2024-10-24 00:00:00', 'REQUEST'),
(12, 17, '2024-10-26 00:00:00', 'SIGN'),
(13, 15, '2024-11-25 00:00:00', 'CANCEL'),
(14, 14, '2024-11-24 00:00:00', 'REQUEST'),
(15, 7, '2024-11-05 00:00:00', 'CANCEL'),
(16, 1, '2024-09-28 00:00:00', 'CANCEL'),
(17, 13, '2024-11-16 00:00:00', 'REQUEST'),
(18, 2, '2024-10-16 00:00:00', 'SIGN'),
(19, 20, '2024-11-18 00:00:00', 'SIGN'),
(20, 5, '2024-10-22 00:00:00', 'APPROVE'),
(21, 5, '2024-10-21 00:00:00', 'APPROVE'),
(22, 17, '2024-10-27 00:00:00', 'APPROVE'),
(23, 9, '2024-09-10 00:00:00', 'APPROVE'),
(24, 11, '2024-11-02 00:00:00', 'REQUEST'),
(25, 17, '2024-09-05 00:00:00', 'SIGN'),
(26, 1, '2024-10-04 00:00:00', 'APPROVE'),
(27, 10, '2024-09-14 00:00:00', 'SIGN'),
(28, 11, '2024-10-01 00:00:00', 'APPROVE'),
(29, 14, '2024-09-07 00:00:00', 'APPROVE'),
(30, 17, '2024-11-28 00:00:00', 'REQUEST'),
(31, 17, '2024-11-11 00:00:00', 'CANCEL'),
(32, 15, '2024-10-13 00:00:00', 'CANCEL'),
(33, 9, '2024-10-30 00:00:00', 'APPROVE'),
(34, 17, '2024-11-20 00:00:00', 'APPROVE'),
(35, 13, '2024-11-02 00:00:00', 'REQUEST'),
(36, 15, '2024-10-27 00:00:00', 'SIGN'),
(37, 8, '2024-11-10 00:00:00', 'REQUEST'),
(38, 13, '2024-10-18 00:00:00', 'SIGN'),
(39, 8, '2024-10-22 00:00:00', 'SIGN'),
(40, 5, '2024-10-24 00:00:00', 'REQUEST'),
(41, 9, '2024-11-19 00:00:00', 'APPROVE'),
(42, 4, '2024-10-10 00:00:00', 'CANCEL'),
(43, 4, '2024-11-22 00:00:00', 'APPROVE'),
(44, 13, '2024-11-13 00:00:00', 'CANCEL'),
(45, 20, '2024-10-14 00:00:00', 'SIGN'),
(46, 5, '2024-10-31 00:00:00', 'CANCEL'),
(47, 11, '2024-10-30 00:00:00', 'REQUEST'),
(48, 3, '2024-11-25 00:00:00', 'APPROVE'),
(49, 15, '2024-11-10 00:00:00', 'CANCEL'),
(50, 12, '2024-11-13 00:00:00', 'SIGN'),
(51, 20, '2024-11-05 00:00:00', 'CANCEL'),
(52, 11, '2024-11-03 00:00:00', 'APPROVE'),
(53, 15, '2024-11-20 00:00:00', 'APPROVE'),
(54, 7, '2024-11-23 00:00:00', 'CANCEL'),
(55, 6, '2024-10-18 00:00:00', 'REQUEST'),
(56, 10, '2024-11-19 00:00:00', 'APPROVE'),
(57, 5, '2024-10-31 00:00:00', 'CANCEL'),
(58, 18, '2024-09-13 00:00:00', 'REQUEST'),
(59, 8, '2024-10-14 00:00:00', 'SIGN'),
(60, 12, '2024-09-15 00:00:00', 'APPROVE'),
(61, 6, '2024-10-04 00:00:00', 'REQUEST'),
(62, 14, '2024-11-10 00:00:00', 'CANCEL'),
(63, 4, '2024-09-10 00:00:00', 'REQUEST'),
(64, 15, '2024-09-18 00:00:00', 'REQUEST'),
(65, 11, '2024-11-18 00:00:00', 'SIGN'),
(66, 6, '2024-10-25 00:00:00', 'REQUEST'),
(67, 13, '2024-11-24 00:00:00', 'REQUEST'),
(68, 1, '2024-09-29 00:00:00', 'REQUEST'),
(69, 20, '2024-11-04 00:00:00', 'APPROVE'),
(70, 4, '2024-09-08 00:00:00', 'APPROVE'),
(71, 20, '2024-09-09 00:00:00', 'REQUEST'),
(72, 3, '2024-10-19 00:00:00', 'REQUEST'),
(73, 5, '2024-10-08 00:00:00', 'REQUEST'),
(74, 3, '2024-09-20 00:00:00', 'CANCEL'),
(75, 20, '2024-09-22 00:00:00', 'REQUEST'),
(76, 6, '2024-09-09 00:00:00', 'REQUEST'),
(77, 14, '2024-10-17 00:00:00', 'REQUEST'),
(78, 7, '2024-10-09 00:00:00', 'CANCEL'),
(79, 7, '2024-10-06 00:00:00', 'REQUEST'),
(80, 6, '2024-09-17 00:00:00', 'APPROVE'),
(81, 11, '2024-11-04 00:00:00', 'REQUEST'),
(82, 18, '2024-11-04 00:00:00', 'SIGN'),
(83, 14, '2024-10-12 00:00:00', 'REQUEST'),
(84, 13, '2024-10-16 00:00:00', 'REQUEST'),
(85, 8, '2024-09-25 00:00:00', 'APPROVE'),
(86, 12, '2024-09-20 00:00:00', 'CANCEL'),
(87, 2, '2024-10-25 00:00:00', 'REQUEST'),
(88, 15, '2024-09-15 00:00:00', 'APPROVE'),
(89, 17, '2024-10-21 00:00:00', 'CANCEL'),
(90, 18, '2024-09-20 00:00:00', 'SIGN'),
(91, 14, '2024-09-27 00:00:00', 'APPROVE'),
(92, 6, '2024-10-31 00:00:00', 'CANCEL'),
(93, 16, '2024-09-04 00:00:00', 'SIGN'),
(94, 18, '2024-09-16 00:00:00', 'APPROVE'),
(95, 7, '2024-10-31 00:00:00', 'APPROVE'),
(96, 5, '2024-10-29 00:00:00', 'APPROVE'),
(97, 8, '2024-11-08 00:00:00', 'CANCEL'),
(98, 15, '2024-09-21 00:00:00', 'APPROVE'),
(99, 3, '2024-10-05 00:00:00', 'CANCEL'),
(100, 2, '2024-11-19 00:00:00', 'REQUEST'),
(101, 3, '2024-10-02 00:00:00', 'SIGN'),
(102, 1, '2024-10-07 00:00:00', 'SIGN'),
(103, 19, '2024-11-29 00:00:00', 'REQUEST'),
(104, 12, '2024-09-03 00:00:00', 'CANCEL'),
(105, 4, '2024-11-28 00:00:00', 'CANCEL'),
(106, 8, '2024-09-07 00:00:00', 'APPROVE'),
(107, 3, '2024-11-26 00:00:00', 'REQUEST'),
(108, 13, '2024-10-20 00:00:00', 'CANCEL'),
(109, 4, '2024-10-25 00:00:00', 'APPROVE'),
(110, 18, '2024-09-25 00:00:00', 'SIGN'),
(111, 15, '2024-10-28 00:00:00', 'APPROVE'),
(112, 19, '2024-11-03 00:00:00', 'CANCEL'),
(113, 8, '2024-09-07 00:00:00', 'SIGN'),
(114, 18, '2024-11-10 00:00:00', 'SIGN'),
(115, 6, '2024-10-07 00:00:00', 'REQUEST'),
(116, 9, '2024-11-01 00:00:00', 'APPROVE'),
(117, 6, '2024-11-09 00:00:00', 'APPROVE'),
(118, 18, '2024-11-20 00:00:00', 'SIGN'),
(119, 20, '2024-10-04 00:00:00', 'APPROVE'),
(120, 4, '2024-09-23 00:00:00', 'APPROVE'),
(121, 16, '2024-11-06 00:00:00', 'REQUEST'),
(122, 1, '2024-10-07 00:00:00', 'APPROVE'),
(123, 6, '2024-09-11 00:00:00', 'REQUEST'),
(124, 8, '2024-10-27 00:00:00', 'SIGN'),
(125, 1, '2024-11-09 00:00:00', 'CANCEL'),
(126, 15, '2024-11-02 00:00:00', 'SIGN'),
(127, 10, '2024-11-26 00:00:00', 'APPROVE'),
(128, 6, '2024-09-05 00:00:00', 'CANCEL'),
(129, 10, '2024-09-23 00:00:00', 'REQUEST'),
(130, 2, '2024-09-15 00:00:00', 'SIGN'),
(131, 9, '2024-11-30 00:00:00', 'APPROVE'),
(132, 15, '2024-09-01 00:00:00', 'CANCEL'),
(133, 9, '2024-10-01 00:00:00', 'SIGN'),
(134, 10, '2024-09-14 00:00:00', 'CANCEL'),
(135, 19, '2024-10-24 00:00:00', 'REQUEST'),
(136, 6, '2024-09-13 00:00:00', 'REQUEST'),
(137, 15, '2024-10-28 00:00:00', 'SIGN'),
(138, 8, '2024-11-25 00:00:00', 'SIGN'),
(139, 14, '2024-09-16 00:00:00', 'REQUEST'),
(140, 4, '2024-11-14 00:00:00', 'CANCEL'),
(141, 14, '2024-09-12 00:00:00', 'APPROVE'),
(142, 11, '2024-10-13 00:00:00', 'CANCEL'),
(143, 15, '2024-09-25 00:00:00', 'SIGN'),
(144, 18, '2024-09-21 00:00:00', 'APPROVE'),
(145, 11, '2024-09-19 00:00:00', 'APPROVE'),
(146, 14, '2024-10-13 00:00:00', 'CANCEL'),
(147, 20, '2024-09-09 00:00:00', 'REQUEST'),
(148, 19, '2024-09-24 00:00:00', 'REQUEST'),
(149, 13, '2024-10-12 00:00:00', 'SIGN'),
(150, 11, '2024-11-22 00:00:00', 'SIGN'),
(151, 7, '2024-10-10 00:00:00', 'SIGN'),
(152, 10, '2024-11-05 00:00:00', 'REQUEST'),
(153, 17, '2024-10-29 00:00:00', 'REQUEST'),
(154, 13, '2024-11-25 00:00:00', 'SIGN'),
(155, 19, '2024-10-01 00:00:00', 'REQUEST'),
(156, 12, '2024-09-11 00:00:00', 'CANCEL'),
(157, 16, '2024-11-17 00:00:00', 'REQUEST'),
(158, 8, '2024-11-07 00:00:00', 'APPROVE'),
(159, 12, '2024-10-18 00:00:00', 'CANCEL'),
(160, 15, '2024-10-10 00:00:00', 'APPROVE'),
(161, 20, '2024-09-27 00:00:00', 'REQUEST'),
(162, 16, '2024-09-29 00:00:00', 'SIGN'),
(163, 3, '2024-09-25 00:00:00', 'SIGN'),
(164, 10, '2024-10-03 00:00:00', 'CANCEL'),
(165, 2, '2024-10-30 00:00:00', 'REQUEST'),
(166, 17, '2024-11-16 00:00:00', 'REQUEST'),
(167, 14, '2024-11-05 00:00:00', 'SIGN'),
(168, 4, '2024-11-21 00:00:00', 'CANCEL'),
(169, 17, '2024-09-18 00:00:00', 'CANCEL'),
(170, 7, '2024-11-29 00:00:00', 'CANCEL'),
(171, 10, '2024-11-20 00:00:00', 'CANCEL'),
(172, 4, '2024-11-17 00:00:00', 'CANCEL'),
(173, 12, '2024-11-28 00:00:00', 'SIGN'),
(174, 3, '2024-09-05 00:00:00', 'CANCEL'),
(175, 9, '2024-11-03 00:00:00', 'SIGN'),
(176, 6, '2024-10-13 00:00:00', 'REQUEST'),
(177, 10, '2024-11-18 00:00:00', 'SIGN'),
(178, 4, '2024-10-28 00:00:00', 'APPROVE'),
(179, 7, '2024-09-21 00:00:00', 'CANCEL'),
(180, 17, '2024-10-13 00:00:00', 'SIGN'),
(181, 20, '2024-11-04 00:00:00', 'REQUEST'),
(182, 10, '2024-10-18 00:00:00', 'SIGN'),
(183, 20, '2024-11-03 00:00:00', 'REQUEST'),
(184, 11, '2024-10-27 00:00:00', 'APPROVE'),
(185, 4, '2024-11-12 00:00:00', 'REQUEST'),
(186, 1, '2024-09-07 00:00:00', 'APPROVE'),
(187, 17, '2024-09-15 00:00:00', 'SIGN'),
(188, 16, '2024-09-25 00:00:00', 'SIGN'),
(189, 12, '2024-11-13 00:00:00', 'REQUEST'),
(190, 8, '2024-11-06 00:00:00', 'REQUEST'),
(191, 14, '2024-10-11 00:00:00', 'REQUEST'),
(192, 9, '2024-10-31 00:00:00', 'SIGN'),
(193, 5, '2024-10-25 00:00:00', 'CANCEL'),
(194, 16, '2024-10-16 00:00:00', 'CANCEL'),
(195, 9, '2024-10-01 00:00:00', 'CANCEL'),
(196, 18, '2024-09-11 00:00:00', 'SIGN'),
(197, 6, '2024-11-20 00:00:00', 'CANCEL'),
(198, 17, '2024-10-24 00:00:00', 'APPROVE'),
(199, 18, '2024-09-10 00:00:00', 'CANCEL'),
(200, 1, '2024-10-26 00:00:00', 'CANCEL'),
(201, 10, '2024-11-14 00:00:00', 'REQUEST'),
(202, 3, '2024-11-02 00:00:00', 'CANCEL'),
(203, 17, '2024-10-07 00:00:00', 'CANCEL'),
(204, 3, '2024-09-12 00:00:00', 'SIGN'),
(205, 1, '2024-10-03 00:00:00', 'APPROVE'),
(206, 7, '2024-11-15 00:00:00', 'REQUEST'),
(207, 19, '2024-10-21 00:00:00', 'CANCEL'),
(208, 1, '2024-11-04 00:00:00', 'CANCEL'),
(209, 2, '2024-09-26 00:00:00', 'CANCEL'),
(210, 20, '2024-09-15 00:00:00', 'SIGN'),
(211, 17, '2024-11-07 00:00:00', 'REQUEST'),
(212, 16, '2024-11-30 00:00:00', 'REQUEST'),
(213, 7, '2024-11-01 00:00:00', 'APPROVE'),
(214, 1, '2024-11-14 00:00:00', 'APPROVE'),
(215, 6, '2024-11-25 00:00:00', 'REQUEST'),
(216, 19, '2024-11-28 00:00:00', 'APPROVE'),
(217, 1, '2024-11-29 00:00:00', 'CANCEL'),
(218, 12, '2024-09-19 00:00:00', 'APPROVE'),
(219, 2, '2024-09-28 00:00:00', 'SIGN'),
(220, 5, '2024-11-05 00:00:00', 'CANCEL'),
(221, 1, '2024-10-13 00:00:00', 'REQUEST'),
(222, 2, '2024-11-09 00:00:00', 'REQUEST'),
(223, 1, '2024-09-03 00:00:00', 'SIGN'),
(224, 9, '2024-09-21 00:00:00', 'CANCEL'),
(225, 6, '2024-11-10 00:00:00', 'SIGN'),
(226, 14, '2024-10-25 00:00:00', 'SIGN'),
(227, 12, '2024-09-09 00:00:00', 'SIGN'),
(228, 11, '2024-10-30 00:00:00', 'REQUEST'),
(229, 19, '2024-11-27 00:00:00', 'APPROVE'),
(230, 5, '2024-11-20 00:00:00', 'CANCEL'),
(231, 15, '2024-09-27 00:00:00', 'APPROVE'),
(232, 3, '2024-10-25 00:00:00', 'SIGN'),
(233, 4, '2024-11-02 00:00:00', 'SIGN'),
(234, 2, '2024-10-09 00:00:00', 'CANCEL'),
(235, 8, '2024-10-15 00:00:00', 'SIGN'),
(236, 14, '2024-10-07 00:00:00', 'SIGN'),
(237, 13, '2024-09-16 00:00:00', 'SIGN'),
(238, 19, '2024-10-07 00:00:00', 'SIGN'),
(239, 1, '2024-09-18 00:00:00', 'REQUEST'),
(240, 20, '2024-11-25 00:00:00', 'APPROVE'),
(241, 12, '2024-10-10 00:00:00', 'CANCEL'),
(242, 10, '2024-11-18 00:00:00', 'SIGN'),
(243, 13, '2024-09-14 00:00:00', 'CANCEL'),
(244, 17, '2024-11-15 00:00:00', 'APPROVE'),
(245, 3, '2024-09-29 00:00:00', 'APPROVE'),
(246, 4, '2024-10-27 00:00:00', 'CANCEL'),
(247, 14, '2024-11-07 00:00:00', 'CANCEL'),
(248, 10, '2024-09-09 00:00:00', 'REQUEST'),
(249, 1, '2024-09-09 00:00:00', 'SIGN'),
(250, 16, '2024-11-01 00:00:00', 'APPROVE'),
(251, 1, '2024-10-11 00:00:00', 'REQUEST'),
(252, 7, '2024-11-15 00:00:00', 'REQUEST'),
(253, 12, '2024-09-02 00:00:00', 'REQUEST'),
(254, 3, '2024-09-02 00:00:00', 'APPROVE'),
(255, 12, '2024-09-27 00:00:00', 'CANCEL'),
(256, 15, '2024-10-12 00:00:00', 'APPROVE'),
(257, 2, '2024-11-28 00:00:00', 'REQUEST'),
(258, 18, '2024-11-12 00:00:00', 'CANCEL'),
(259, 8, '2024-10-15 00:00:00', 'SIGN'),
(260, 15, '2024-09-15 00:00:00', 'CANCEL'),
(261, 17, '2024-09-23 00:00:00', 'SIGN'),
(262, 8, '2024-10-06 00:00:00', 'CANCEL'),
(263, 7, '2024-11-17 00:00:00', 'CANCEL'),
(264, 11, '2024-10-16 00:00:00', 'CANCEL'),
(265, 11, '2024-10-31 00:00:00', 'CANCEL'),
(266, 15, '2024-09-08 00:00:00', 'REQUEST'),
(267, 16, '2024-10-11 00:00:00', 'SIGN'),
(268, 5, '2024-09-04 00:00:00', 'APPROVE'),
(269, 20, '2024-10-16 00:00:00', 'REQUEST'),
(270, 2, '2024-09-17 00:00:00', 'REQUEST'),
(271, 4, '2024-11-26 00:00:00', 'APPROVE'),
(272, 1, '2024-11-01 00:00:00', 'REQUEST'),
(273, 17, '2024-09-07 00:00:00', 'REQUEST'),
(274, 20, '2024-10-28 00:00:00', 'APPROVE'),
(275, 9, '2024-11-19 00:00:00', 'SIGN'),
(276, 2, '2024-10-03 00:00:00', 'SIGN'),
(277, 2, '2024-11-03 00:00:00', 'REQUEST'),
(278, 5, '2024-10-13 00:00:00', 'APPROVE'),
(279, 15, '2024-09-11 00:00:00', 'SIGN'),
(280, 17, '2024-10-08 00:00:00', 'SIGN'),
(281, 1, '2024-11-01 00:00:00', 'CANCEL'),
(282, 5, '2024-10-14 00:00:00', 'CANCEL'),
(283, 20, '2024-10-11 00:00:00', 'SIGN'),
(284, 4, '2024-09-24 00:00:00', 'REQUEST'),
(285, 2, '2024-10-08 00:00:00', 'CANCEL'),
(286, 18, '2024-10-26 00:00:00', 'CANCEL'),
(287, 18, '2024-10-29 00:00:00', 'CANCEL'),
(288, 14, '2024-11-25 00:00:00', 'CANCEL'),
(289, 18, '2024-09-25 00:00:00', 'CANCEL'),
(290, 1, '2024-10-31 00:00:00', 'REQUEST'),
(291, 14, '2024-09-16 00:00:00', 'SIGN'),
(292, 17, '2024-10-25 00:00:00', 'REQUEST'),
(293, 15, '2024-11-16 00:00:00', 'REQUEST'),
(294, 18, '2024-11-27 00:00:00', 'CANCEL'),
(295, 12, '2024-09-14 00:00:00', 'REQUEST'),
(296, 9, '2024-10-03 00:00:00', 'REQUEST'),
(297, 15, '2024-09-09 00:00:00', 'SIGN'),
(298, 3, '2024-09-27 00:00:00', 'APPROVE'),
(299, 12, '2024-09-05 00:00:00', 'REQUEST'),
(300, 2, '2024-09-24 00:00:00', 'CANCEL');

INSERT INTO sales_statistics.sellers_activity (seller_id, company_id, tariff_id, sale_date, price, discount) VALUES
(9, 7, 4, '2024-09-11 00:00:00', 326.77, 34.7),
(26, 20, 3, '2024-10-27 00:00:00', 270.98, 9.7),
(23, 20, 19, '2024-10-30 00:00:00', 221.52, 27.11),
(13, 1, 12, '2024-09-05 00:00:00', 412.79, 29.46),
(17, 2, 14, '2024-09-09 00:00:00', 315.98, 35.08),
(24, 15, 15, '2024-10-31 00:00:00', 432.39, 41.74),
(25, 14, 10, '2024-09-16 00:00:00', 205.82, 35.78),
(24, 11, 3, '2024-09-24 00:00:00', 162.81, 46.5),
(3, 11, 1, '2024-10-09 00:00:00', 357.28, 1.64),
(18, 3, 19, '2024-10-13 00:00:00', 433.65, 6.02),
(11, 3, 13, '2024-10-30 00:00:00', 225.91, 35.91),
(27, 4, 8, '2024-09-22 00:00:00', 306.7, 31.55),
(19, 7, 19, '2024-10-08 00:00:00', 19.73, 9.29),
(2, 17, 2, '2024-10-11 00:00:00', 66.52, 48.62),
(7, 20, 17, '2024-09-25 00:00:00', 79.06, 48.17),
(3, 4, 2, '2024-09-05 00:00:00', 169.35, 3.99),
(3, 17, 7, '2024-09-06 00:00:00', 225.24, 13.24),
(14, 3, 12, '2024-09-28 00:00:00', 424.63, 12.68),
(17, 8, 16, '2024-09-24 00:00:00', 87.02, 38.07),
(14, 17, 14, '2024-09-07 00:00:00', 135.87, 16.93),
(9, 18, 17, '2024-10-12 00:00:00', 361.81, 25.61),
(27, 11, 20, '2024-09-07 00:00:00', 369.78, 35.99),
(12, 14, 20, '2024-10-27 00:00:00', 348.78, 1.73),
(17, 10, 11, '2024-10-11 00:00:00', 433.54, 5.52),
(6, 10, 6, '2024-09-15 00:00:00', 462.09, 41.6),
(21, 20, 14, '2024-10-01 00:00:00', 325.36, 47.51),
(4, 2, 15, '2024-10-16 00:00:00', 43.76, 6.48),
(24, 6, 18, '2024-09-04 00:00:00', 210.35, 16.56),
(3, 17, 1, '2024-10-04 00:00:00', 413.08, 18.8),
(14, 16, 12, '2024-09-22 00:00:00', 493.11, 26.07),
(29, 19, 15, '2024-09-20 00:00:00', 435.67, 1.85),
(3, 10, 1, '2024-09-23 00:00:00', 445.38, 33.31),
(23, 3, 10, '2024-10-10 00:00:00', 293.86, 1.93),
(8, 20, 8, '2024-10-20 00:00:00', 216.47, 23.64),
(23, 7, 19, '2024-10-16 00:00:00', 352.97, 46.06),
(24, 12, 2, '2024-09-01 00:00:00', 146.58, 47.97),
(3, 11, 2, '2024-10-19 00:00:00', 259.91, 39.41),
(13, 4, 20, '2024-10-08 00:00:00', 406.81, 0.89),
(1, 6, 11, '2024-09-13 00:00:00', 79.2, 35.03),
(18, 18, 2, '2024-09-25 00:00:00', 40.66, 23.64),
(22, 11, 1, '2024-09-27 00:00:00', 240.44, 39.97),
(15, 7, 1, '2024-09-23 00:00:00', 261.6, 12.79),
(21, 2, 5, '2024-09-01 00:00:00', 285.72, 3.17),
(26, 13, 16, '2024-09-22 00:00:00', 245.37, 36.09),
(25, 20, 19, '2024-10-24 00:00:00', 183.77, 34.17),
(16, 15, 20, '2024-10-11 00:00:00', 72.4, 23.84),
(22, 3, 18, '2024-10-03 00:00:00', 183.14, 10.79),
(29, 12, 10, '2024-09-10 00:00:00', 109.35, 6.67),
(15, 2, 12, '2024-09-18 00:00:00', 10.82, 8.23),
(23, 12, 19, '2024-09-02 00:00:00', 46.4, 20.03);